,Metro area,Population,city,state,latitude,longitude
0,"New York-Newark-Jersey City, NY-NJ-PA MSA",20320876,New York,NY,40.70544486,-73.99429321
1,"Los Angeles-Long Beach-Anaheim, CA MSA",13353907,Los Angeles,CA,34.06158954,-118.3213806
2,"Chicago-Naperville-Elgin, IL-IN-WI MSA",9533040,Chicago,IL,41.90515926,-87.67776489
3,"Dallas-Fort Worth-Arlington, TX MSA",7399662,Dallas,TX,32.83904348,-96.80053711
4,"Houston-The Woodlands-Sugar Land, TX MSA",6892427,Houston,TX,29.76302568,-95.35995483
5,"Washington-Arlington-Alexandria, DC-VA-MD-WV MSA",6216589,Washington,DC,38.91129357,-77.03063965
6,"Miami-Fort Lauderdale-West Palm Beach, FL MSA",6158824,Miami,FL,25.75275373,-80.28808594
7,"Philadelphia-Camden-Wilmington, PA-NJ-DE-MD MSA",6096120,Philadelphia,PA,39.9537821,-75.17120361
8,"Atlanta-Sandy Springs-Roswell, GA MSA",5884736,Atlanta,GA,33.81321312,-84.37362671
9,"Boston-Cambridge-Newton, MA-NH MSA",4836531,Boston,MA,42.34784169,-71.07124329
10,"Phoenix-Mesa-Scottsdale, AZ MSA",4737270,Phoenix,AZ,33.44502284,-112.0701599
11,"San Francisco-Oakland-Hayward, CA MSA",4727357,San Francisco,CA,37.76089939,-122.4364471
12,"Riverside-San Bernardino-Ontario, CA MSA",4580670,Riverside,CA,33.94660614,-117.4026489
13,"Detroit-Warren-Dearborn, MI MSA",4313002,Detroit,MI,42.36241856,-83.0909729
14,"Seattle-Tacoma-Bellevue, WA MSA",3867046,Seattle,WA,47.62541905,-122.3355103
15,"Minneapolis-St. Paul-Bloomington, MN-WI MSA",3600618,Minneapolis,MN,44.96558443,-93.29040527
16,"San Diego-Carlsbad, CA MSA",3337685,San Diego,CA,32.79056939,-117.1540833
17,"Tampa-St. Petersburg-Clearwater, FL MSA",3091399,Tampa,FL,27.99909824,-82.48123169
18,"Denver-Aurora-Lakewood, CO MSA",2888227,Denver,CO,39.73552421,-104.9702454
19,"Baltimore-Columbia-Towson, MD MSA",2808175,Baltimore,MD,39.3092862,-76.60903931
20,"St. Louis, MO-IL MSA",2807338,St. Louis,MO,38.61239776,-90.3213501
21,"Charlotte-Concord-Gastonia, NC-SC MSA",2525305,Charlotte,NC,35.19608159,-80.83053589
22,"Orlando-Kissimmee-Sanford, FL MSA",2509831,Orlando,FL,28.50233303,-81.37710571
23,"San Antonio-New Braunfels, TX MSA",2473974,San Antonio,TX,29.49443831,-98.5144043
24,"Portland-Vancouver-Hillsboro, OR-WA MSA",2453168,Portland,OR,45.5157854,-122.6541138
25,"Pittsburgh, PA MSA",2333367,Pittsburgh,PA,40.44467404,-79.97909546
26,"Sacramento–Roseville–Arden-Arcade, CA MSA",2324884,Sacramento–Roseville–Arden,CA,38.60394814,-121.3831329
27,"Las Vegas-Henderson-Paradise, NV MSA",2204079,Las Vegas,NV,36.14604127,-115.1367188
28,"Cincinnati, OH-KY-IN MSA",2179082,Cincinnati,OH,39.12668305,-84.50683594
29,"Kansas City, MO-KS MSA",2128912,Kansas City,MO,39.08299098,-94.58129883
30,"Austin-Round Rock, TX MSA",2115827,Austin,TX,30.30515632,-97.75772095
31,"Columbus, OH MSA",2078725,Columbus,OH,40.01165662,-82.9989624
32,"Cleveland-Elyria, OH MSA",2058844,Cleveland,OH,41.47341858,-81.67236328
33,"Indianapolis-Carmel-Anderson, IN MSA",2028614,Indianapolis,IN,39.806244,-86.13830566
34,"San Jose-Sunnyvale-Santa Clara, CA MSA",1998463,San Jose,CA,37.31648115,-121.8850708
35,"Nashville-Davidson–Murfreesboro–Franklin, TN MSA",1903045,Nashville,TN,36.13769836,-86.7755127
36,"Virginia Beach-Norfolk-Newport News, VA-NC MSA",1725246,Virginia Beach,VA,36.83439143,-76.0899353
37,"Providence-Warwick, RI-MA MSA",1621122,Providence,RI,41.82581637,-71.41490936
38,"Milwaukee-Waukesha-West Allis, WI MSA",1576236,Milwaukee,WI,43.04160974,-87.95516968
39,"Jacksonville, FL MSA",1504980,Jacksonville,FL,30.28737032,-81.61743164
40,"Oklahoma City, OK MSA",1383737,Oklahoma City,OK,35.49069048,-97.53936768
41,"Memphis, TN-MS-AR MSA",1348260,Memphis,TN,35.13096636,-90.0302124
42,"Raleigh-Cary, NC MSA",1335079,Raleigh,NC,35.82320512,-78.65112305
43,"Richmond, VA MSA",1294204,Richmond,VA,37.55746349,-77.4961853
44,"Louisville–Jefferson County, KY-IN MSA",1293953,Louisville–Jefferson County,KY,38.22505524,-85.67687988
45,"New Orleans-Metairie, LA MSA",1275762,New Orleans,LA,29.95608434,-90.08377075
46,"Hartford-West Hartford-East Hartford, CT MSA",1210259,Hartford,CT,41.75977674,-72.68486023
47,"Salt Lake City, UT MSA",1203105,Salt Lake City,UT,40.77723858,-111.9232178
48,"Birmingham-Hoover, AL MSA",1149807,Birmingham,AL,33.47366535,-86.77688599
49,"Buffalo-Cheektowaga-Niagara Falls, NY MSA",1136856,Buffalo,NY,42.92708381,-78.81317139
50,"Rochester, NY MSA",1077948,Rochester,NY,43.15191492,-77.61154175
51,"Grand Rapids-Wyoming, MI MSA",1059113,Grand Rapids,MI,42.95322254,-85.63568115
52,"Tucson, AZ MSA",1022769,Tucson,AZ,32.24516151,-110.9317017
53,"Tulsa, OK MSA",990706,Tulsa,OK,36.10220016,-95.92712402
54,"Fresno, CA MSA",989255,Fresno,CA,36.79591191,-119.7921753
55,"Urban Honolulu, HI MSA",988650,Urban Honolulu,HI,21.32763116,-157.7993774
56,"Bridgeport-Stamford-Norwalk, CT MSA",949921,Bridgeport,CT,41.18949463,-73.19847107
57,"Worcester, MA-CT MSA",942475,Worcester,MA,42.2665928,-71.80252075
58,"Omaha-Council Bluffs, NE-IA MSA",933316,Omaha,NE,41.24975146,-96.04934692
59,"Albuquerque, NM MSA",910726,Albuquerque,NM,35.11524108,-106.605835
60,"Greenville-Anderson-Mauldin, SC MSA",895923,Greenville,SC,34.8475776,-82.3576355
61,"Bakersfield, CA MSA",893119,Bakersfield,CA,35.36648089,-119.045105
62,"Albany-Schenectady-Troy, NY MSA",886188,Albany,NY,42.68087494,-73.79310608
63,"Knoxville, TN MSA",877104,Knoxville,TN,35.94893044,-84.00695801
64,"McAllen-Edinburg-Mission, TX MSA",860661,McAllen,TX,26.21396583,-98.23356628
65,"New Haven-Milford, CT MSA",860435,New Haven,CT,41.31132817,-72.92690277
66,"Oxnard-Thousand Oaks-Ventura, CA MSA",854223,Oxnard,CA,34.19472245,-119.1975403
67,"El Paso, TX MSA",844818,El Paso,TX,31.79338938,-106.4273071
68,"Allentown-Bethlehem-Easton, PA-NJ MSA",840550,Allentown,PA,40.59826763,-75.50285339
69,"Baton Rouge, LA MSA",834159,Baton Rouge,LA,30.41843935,-91.09451294
70,"Columbia, SC MSA",825033,Columbia,SC,34.0354189,-81.01455688
71,"North Port-Sarasota-Bradenton, FL MSA",804690,North Port,FL,27.05908828,-82.2038269
72,"Dayton, OH MSA",803416,Dayton,OH,39.73235596,-84.15939331
73,"Charleston-North Charleston, SC MSA",775831,Charleston,SC,32.78896413,-79.96948242
74,"Greensboro-High Point, NC MSA",761184,Greensboro,NC,36.07847297,-79.84039307
75,"Stockton-Lodi, CA MSA",745424,Stockton,CA,37.98516001,-121.3027954
76,"Cape Coral-Fort Myers, FL MSA",739224,Cape Coral,FL,26.61182078,-81.96487427
77,"Little Rock-North Little Rock-Conway, AR MSA",738344,Little Rock,AR,34.74820965,-92.35656738
78,"Colorado Springs, CO MSA",723878,Colorado Springs,CO,38.87267845,-104.7903442
79,"Boise City, ID MSA",709845,Boise City,ID,43.61117623,-116.2435913
80,"Akron, OH MSA",703505,Akron,OH,41.0739916,-81.5322876
81,"Lakeland-Winter Haven, FL MSA",686483,Lakeland,FL,28.06588303,-81.94496155
82,"Winston-Salem, NC MSA",667733,Winston,NC,36.09733915,-80.28053284
83,"Ogden-Clearfield, UT MSA",665358,Ogden,UT,41.2220058,-111.9767761
84,"Syracuse, NY MSA",654841,Syracuse,NY,43.06181855,-76.13594055
85,"Madison, WI MSA",654230,Madison,WI,43.07572528,-89.39849854
86,"Deltona-Daytona Beach-Ormond Beach, FL MSA",649202,Deltona,FL,28.90656581,-81.22261047
87,"Des Moines-West Des Moines, IA MSA",645911,Des Moines,IA,41.59177797,-93.63510132
88,"Wichita, KS MSA",645628,Wichita,KS,37.6912485,-97.32650757
89,"Springfield, MA MSA",631652,Springfield,MA,42.11294981,-72.54615784
90,"Provo-Orem, UT MSA",617675,Provo,UT,40.24493188,-111.6612625
91,"Toledo, OH MSA",603668,Toledo,OH,41.66349521,-83.6114502
92,"Augusta-Richmond County, GA-SC MSA",600151,Augusta,GA,33.47837505,-82.04521179
93,"Palm Bay-Melbourne-Titusville, FL MSA",589162,Palm Bay,FL,28.02224937,-80.6224823
94,"Jackson, MS MSA",578715,Jackson,MS,32.33061617,-90.18058777
95,"Harrisburg-Carlisle, PA MSA",571903,Harrisburg,PA,40.27895616,-76.87477112
96,"Durham-Chapel Hill, NC MSA",567428,Durham,NC,35.97671881,-78.91891479
97,"Spokane-Spokane Valley, WA MSA",564236,Spokane,WA,47.67722475,-117.4067688
98,"Chattanooga, TN-GA MSA",556548,Chattanooga,TN,35.04443976,-85.25802612
99,"Scranton–Wilkes-Barre–Hazleton, PA MSA",555426,Scranton–Wilkes,PA,41.36030718,-75.68412781
100,"Modesto, CA MSA",547899,Modesto,CA,37.65442568,-120.9889984
101,"Lancaster, PA MSA",542903,Lancaster,PA,40.04100932,-76.3010788
102,"Youngstown-Warren-Boardman, OH-PA MSA",541926,Youngstown,OH,41.09690112,-80.65132141
103,"Fayetteville-Springdale-Rogers, AR-MO MSA",537463,Fayetteville,AR,36.08957127,-94.15969849
104,"Portland-South Portland, ME MSA",532083,Portland,ME,43.66661832,-70.27198792
105,"Lexington-Fayette, KY MSA",512650,Lexington,KY,38.02749556,-84.49241638
106,"Santa Rosa, CA MSA",504217,Santa Rosa,CA,38.44601515,-122.7172852
107,"Lafayette, LA MSA",491558,Lafayette,LA,30.19791928,-92.03933716
108,"Pensacola-Ferry Pass-Brent, FL MSA",487784,Pensacola,FL,30.44732801,-87.25753784
109,"Lansing-East Lansing, MI MSA",477656,Lansing,MI,42.72830621,-84.56863403
110,"Port St. Lucie, FL MSA",473429,Port St. Lucie,FL,27.28987708,-80.36224365
111,"Reno, NV MSA",464593,Reno,NV,39.49962041,-119.8017883
112,"Visalia-Porterville, CA MSA",464493,Visalia,CA,36.31950708,-119.3080902
113,"Myrtle Beach-Conway-North Myrtle Beach, SC-NC MSA",464165,Myrtle Beach,SC,33.71630121,-78.86810303
114,"Springfield, MO MSA",462369,Springfield,MO,37.18434586,-93.28010559
115,"Asheville, NC MSA",456145,Asheville,NC,35.58301568,-82.55607605
116,"Huntsville, AL MSA",455448,Huntsville,AL,34.72012535,-86.61071777
117,"Corpus Christi, TX MSA",454008,Corpus Christi,TX,27.73200819,-97.36221313
118,"Santa Maria-Santa Barbara, CA MSA",448150,Santa Maria,CA,34.93994169,-120.4403687
119,"York-Hanover, PA MSA",446078,York,PA,39.96711061,-76.73091888
120,"Vallejo-Fairfield, CA MSA",445458,Vallejo,CA,38.11266842,-122.2393799
121,"Killeen-Temple, TX MSA",443773,Killeen,TX,31.0817126,-97.73918152
122,"Shreveport-Bossier City, LA MSA",440933,Shreveport,LA,32.4720738,-93.76831055
123,"Salinas, CA MSA",437907,Salinas,CA,36.68930067,-121.6378784
124,"Fort Wayne, IN MSA",434617,Fort Wayne,IN,41.1029727,-85.14953613
125,"Salem, OR MSA",424982,Salem,OR,44.93608052,-123.0180359
126,"Brownsville-Harlingen, TX MSA",423725,Brownsville,TX,25.94074785,-97.49061584
127,"Reading, PA MSA",417854,Reading,PA,40.33423352,-75.92720032
128,"Mobile, AL MSA",413955,Mobile,AL,30.67082832,-88.14605713
129,"Beaumont-Port Arthur, TX MSA",412437,Beaumont,TX,30.09032358,-94.1418457
130,"Manchester-Nashua, NH MSA",409697,Manchester,NH,42.98303965,-71.45507813
131,"Flint, MI MSA",407385,Flint,MI,43.00309451,-83.71925354
132,"Salisbury, MD-DE MSA",405853,Salisbury,MD,38.37337883,-75.58113098
133,"Anchorage, AK MSA",400888,Anchorage,AK,61.17686253,-149.8699951
134,"Canton-Massillon, OH MSA",399927,Canton,OH,40.81220438,-81.36611938
135,"Gulfport-Biloxi-Pascagoula, MS MSA",394232,Gulfport,MS,30.42850502,-89.06890869
136,"Savannah, GA MSA",387543,Savannah,GA,32.04878326,-81.10862732
137,"Fayetteville, NC MSA",386662,Fayetteville,NC,35.06143338,-78.93745422
138,"Tallahassee, FL MSA",382627,Tallahassee,FL,30.45692012,-84.27612305
139,"Davenport-Moline-Rock Island, IA-IL MSA",382263,Davenport,IA,41.5532512,-90.56785584
140,"Eugene, OR MSA",374748,Eugene,OR,44.05793926,-123.1031799
141,"Trenton, NJ MSA",374733,Trenton,NJ,40.21426455,-74.77123261
142,"Montgomery, AL MSA",373903,Montgomery,AL,32.35543571,-86.25778198
143,"Naples-Immokalee-Marco Island, FL MSA",372880,Naples,FL,26.16649481,-81.79527283
144,"Peoria, IL MSA",372427,Peoria,IL,40.74252922,-89.61685181
145,"Ann Arbor, MI MSA",367627,Ann Arbor,MI,42.27675465,-83.7412262
146,"Hickory-Lenoir-Morganton, NC MSA",366534,Hickory,NC,35.73755126,-81.32629395
147,"Huntington-Ashland, WV-KY-OH MSA",356474,Huntington,WV,38.41912132,-82.43247986
148,"Ocala, FL MSA",354353,Ocala,FL,29.17910337,-82.15301514
149,"Fort Collins, CO MSA",343976,Fort Collins,CO,40.550285,-105.0746155
150,"Kalamazoo-Portage, MI MSA",338338,Kalamazoo,MI,42.28335897,-85.60340881
151,"Rockford, IL MSA",338291,Rockford,IL,42.26913342,-89.04144287
152,"Spartanburg, SC MSA",334391,Spartanburg,SC,34.94275604,-81.92848206
153,"Lincoln, NE MSA",331519,Lincoln,NE,40.80908616,-96.68449402
154,"Boulder, CO MSA",322514,Boulder,CO,40.03177502,-105.2483368
155,"South Bend-Mishawaka, IN-MI MSA",321815,South Bend,IN,41.67683092,-86.26876831
156,"Green Bay, WI MSA",320050,Green Bay,WI,44.50380528,-88.02520752
157,"Lubbock, TX MSA",316983,Lubbock,TX,33.55279747,-101.8947601
158,"Evansville, IN-KY MSA",315669,Evansville,IN,37.98258872,-87.54112244
159,"Roanoke, VA MSA",314128,Roanoke,VA,37.27291539,-79.95918274
160,"Kingsport-Bristol-Bristol, TN-VA MSA",306659,Kingsport,TN,36.54821495,-82.54234314
161,"Greeley, CO MSA",304633,Greeley,CO,40.42795012,-104.7340393
162,"Columbus, GA-AL MSA",303811,Columbus,GA,32.49685398,-84.88861084
163,"Utica-Rome, NY MSA",293572,Utica,NY,43.09896588,-75.23506165
164,"Kennewick-Richland, WA MSA",290296,Kennewick,WA,46.21115368,-119.1824341
165,"Wilmington, NC MSA",288156,Wilmington,NC,34.22765689,-77.88551331
166,"Clarksville, TN-KY MSA",285042,Clarksville,TN,36.5686222,-87.34405518
167,"Gainesville, FL MSA",284687,Gainesville,FL,29.65579609,-82.36312866
168,"San Luis Obispo-Paso Robles-Arroyo Grande, CA MSA",283405,San Luis Obispo,CA,35.26859664,-120.6642151
169,"Fort Smith, AR-OK MSA",282086,Fort Smith,AR,35.348132,-94.3560791
170,"Olympia-Tumwater, WA MSA",280588,Olympia,WA,47.04013597,-122.8910065
171,"Duluth, MN-WI MSA",278782,Duluth,MN,46.75285004,-92.14645386
172,"Santa Cruz-Watsonville, CA MSA",275897,Santa Cruz,CA,36.97840984,-122.0278931
173,"Laredo, TX MSA",274794,Laredo,TX,27.54963876,-99.48120117
174,"Erie, PA MSA",274541,Erie,PA,42.09664788,-80.0958252
175,"Merced, CA MSA",272673,Merced,CA,37.30900292,-120.4798508
176,"Crestview-Fort Walton Beach-Destin, FL MSA",271346,Crestview,FL,30.74831706,-86.56745911
177,"Cedar Rapids, IA MSA",270293,Cedar Rapids,IA,41.98650022,-91.66648865
178,"Atlantic City-Hammonton, NJ MSA",269918,Atlantic City,NJ,39.3767266,-74.45297241
179,"Norwich-New London, CT MSA",269033,Norwich,CT,41.53067259,-72.08576202
180,"Waco, TX MSA",268696,Waco,TX,31.54573012,-97.15827942
181,"Bremerton-Silverdale, WA MSA",266414,Bremerton,WA,47.58991111,-122.6465607
182,"Hagerstown-Martinsburg, MD-WV MSA",265498,Hagerstown,MD,39.63952619,-77.7299881
183,"Amarillo, TX MSA",264925,Amarillo,TX,35.2039368,-101.7979431
184,"Danbury, CT MSA",264621,Danbury,CT,41.3999445,-73.47518921
185,"Lynchburg, VA MSA",261254,Lynchburg,VA,37.39575596,-79.17778015
186,"Sioux Falls, SD MSA",259094,Sioux Falls,SD,43.533072,-96.73599243
187,"College Station-Bryan, TX MSA",258044,College Station,TX,30.6139718,-96.32022858
188,"Yakima, WA MSA",250193,Yakima,WA,46.59421331,-120.5557251
189,"Tuscaloosa, AL MSA",242799,Tuscaloosa,AL,33.22600944,-87.54592896
190,"Binghamton, NY MSA",242217,Binghamton,NY,42.11142168,-75.9072876
191,"Fargo, ND-MN MSA",241356,Fargo,ND,46.85437178,-96.82800293
192,"Champaign-Urbana, IL MSA",239124,Champaign,IL,40.10271509,-88.24905396
193,"Appleton, WI MSA",236126,Appleton,WI,44.26728343,-88.42071533
194,"Charlottesville, VA MSA",233793,Charlottesville,VA,38.04480169,-78.47808838
195,"Topeka, KS MSA",233149,Topeka,KS,39.04314088,-95.70808411
196,"Chico, CA MSA",229294,Chico,CA,39.75625088,-121.8061066
197,"Macon-Bibb County, GA MSA",228914,Macon,GA,32.83570846,-83.64097595
198,"Prescott, AZ MSA",228168,Prescott,AZ,34.57212473,-112.4505615
199,"Tyler, TX MSA",227727,Tyler,TX,32.31494945,-95.3276825
200,"Bellingham, WA MSA",221404,Bellingham,WA,48.75885889,-122.4769592
201,"Lafayette-West Lafayette, IN MSA",219239,Lafayette,IN,40.39985613,-86.87576294
202,"Burlington-South Burlington, VT MSA",218395,Burlington,VT,44.47591939,-73.21151733
203,"Rochester, MN MSA",218280,Rochester,MN,44.01696888,-92.47879028
204,"Longview, TX MSA",217481,Longview,TX,32.49987543,-94.74334717
205,"Medford, OR MSA",217479,Medford,OR,42.34022907,-122.841568
206,"Las Cruces, NM MSA",215579,Las Cruces,NM,32.3391932,-106.7527771
207,"Hilton Head Island-Bluffton-Beaufort, SC MSA",215302,Hilton Head Island,SC,32.18603157,-80.74813843
208,"Charleston, WV MSA",214406,Charleston,WV,38.35184294,-81.64009094
209,"Barnstable Town, MA MSA",213444,Barnstable Town,MA,41.67905473,-70.30323029
210,"Daphne-Fairhope-Foley, AL MSA",212628,Daphne,AL,30.61810829,-87.90470123
211,"Houma-Thibodaux, LA MSA",210512,Houma,LA,29.59491394,-90.71548462
212,"Lake Charles, LA MSA",209357,Lake Charles,LA,30.20444715,-93.22311401
213,"Athens-Clarke County, GA MSA",209271,Athens,GA,33.94787401,-83.39241028
214,"Springfield, IL MSA",208697,Springfield,IL,39.78316716,-89.66079712
215,"Yuma, AZ MSA",207534,Yuma,AZ,32.67620449,-114.576416
216,"Lake Havasu City-Kingman, AZ MSA",207200,Lake Havasu City,AZ,34.48843704,-114.3292236
217,"Florence, SC MSA",205831,Florence,SC,34.17597815,-79.79301453
218,"Elkhart-Goshen, IN MSA",205032,Elkhart,IN,41.68825075,-85.9563446
219,"Johnson City, TN MSA",202053,Johnson City,TN,36.3560129,-82.38578796
220,"Panama City, FL MSA",199723,Panama City,FL,30.16871467,-85.67962646
221,"Gainesville, GA MSA",199335,Gainesville,GA,34.29291986,-83.82637024
222,"St. Cloud, MN MSA",197759,St. Cloud,MN,45.52348311,-94.14871216
223,"Racine, WI MSA",196071,Racine,WI,42.72981938,-87.81578064
224,"Jacksonville, NC MSA",193893,Jacksonville,NC,34.76921214,-77.40829468
225,"Saginaw, MI MSA",191934,Saginaw,MI,43.4463923,-83.98361206
226,"Warner Robins, GA MSA",191779,Warner Robins,GA,32.59364247,-83.66226196
227,"Bloomington, IL MSA",188232,Bloomington,IL,40.47720195,-88.97964478
228,"Bend-Redmond, OR MSA",186875,Bend,OR,44.05892615,-121.3089752
229,"Blacksburg-Christiansburg-Radford, VA MSA",182993,Blacksburg,VA,37.2259434,-80.41889191
230,"El Centro, CA MSA",182830,El Centro,CA,32.78812987,-115.5572891
231,"Punta Gorda, FL MSA",182033,Punta Gorda,FL,26.92052999,-82.03147888
232,"Redding, CA MSA",179921,Redding,CA,40.57414341,-122.3629761
233,"Kingston, NY MSA",179417,Kingston,NY,41.92730256,-73.99909973
234,"Greenville, NC MSA",179042,Greenville,NC,35.59865019,-77.37602234
235,"Joplin, MO MSA",178507,Joplin,MO,37.07266595,-94.50920105
236,"Monroe, LA MSA",178445,Monroe,LA,32.51029882,-92.09495544
237,"Columbia, MO MSA",178271,Columbia,MO,38.95082014,-92.33047485
238,"Dover, DE MSA",176824,Dover,DE,39.16409572,-75.53031921
239,"Bowling Green, KY MSA",174835,Bowling Green,KY,36.97275748,-86.41983032
240,"Muskegon, MI MSA",173693,Muskegon,MI,43.23315121,-86.25434875
241,"Yuba City, CA MSA",173679,Yuba City,CA,39.13484252,-121.631012
242,"Iowa City, IA MSA",171491,Iowa City,IA,41.65520313,-91.53121948
243,"Midland, TX MSA",170675,Midland,TX,32.0016293,-102.1261597
244,"Billings, MT MSA",170498,Billings,MT,45.77945001,-108.5394287
245,"Oshkosh-Neenah, WI MSA",170414,Oshkosh,WI,44.02091906,-88.55529785
246,"Abilene, TX MSA",170219,Abilene,TX,32.43151437,-99.7517395
247,"Terre Haute, IN MSA",169965,Terre Haute,IN,39.46000782,-87.38868713
248,"Waterloo-Cedar Falls, IA MSA",169892,Waterloo,IA,42.47714992,-92.34558105
249,"Sioux City, IA-NE-SD MSA",168618,Sioux City,IA,42.49230648,-96.40777588
250,"East Stroudsburg, PA MSA",168046,East Stroudsburg,PA,41.00450487,-75.17875671
251,"Bloomington, IN MSA",167825,Bloomington,IN,39.16146775,-86.5221405
252,"Eau Claire, WI MSA",167484,Eau Claire,WI,44.81784338,-91.50032043
253,"Pueblo, CO MSA",166475,Pueblo,CO,38.27035217,-104.5733643
254,"Kahului-Wailuku-Lahaina, HI MSA",166348,Kahului,HI,20.88639799,-156.4616203
255,"St. George, UT MSA",165662,St. George,UT,37.07954722,-113.5515976
256,"State College, PA MSA",162660,State College,PA,40.79768577,-77.86251068
257,"Burlington, NC MSA",162391,Burlington,NC,36.08069276,-79.46960449
258,"Janesville-Beloit, WI MSA",162309,Janesville,WI,42.69601652,-89.00642395
259,"Auburn-Opelika, AL MSA",161604,Auburn,AL,32.60003733,-85.47466278
260,"Jackson, MI MSA",158640,Jackson,MI,42.23816547,-84.40418243
261,"Coeur d'Alene, ID MSA",157637,Coeur d'Alene,ID,47.6972736,-116.7863846
262,"Odessa, TX MSA",157087,Odessa,TX,31.87404869,-102.3527527
263,"Madera, CA MSA",156890,Madera,CA,36.95959057,-120.0668335
264,"Sebastian-Vero Beach, FL MSA",154383,Sebastian,FL,27.80627414,-80.47245026
265,"Niles-Benton Harbor, MI MSA",154259,Niles,MI,41.84832595,-86.24130249
266,"Chambersburg-Waynesboro, PA MSA",154234,Chambersburg,PA,39.93496739,-77.64381409
267,"Alexandria, LA MSA",153984,Alexandria,LA,31.28907237,-92.45956421
268,"Vineland-Bridgeton, NJ MSA",152538,Vineland,NJ,39.47909013,-75.0201416
269,"Bangor, ME MSA",151957,Bangor,ME,44.82953194,-68.78883362
270,"Decatur, AL MSA",151867,Decatur,AL,34.5772131,-86.97532654
271,"Grand Junction, CO MSA",151616,Grand Junction,CO,39.08046186,-108.5607147
272,"Jefferson City, MO MSA",151465,Jefferson City,MO,38.573757,-92.16293335
273,"Albany, GA MSA",151434,Albany,GA,31.57732418,-84.17449951
274,"Wichita Falls, TX MSA",151230,Wichita Falls,TX,33.91141159,-98.52264404
275,"Elizabethtown-Fort Knox, KY MSA",150430,Elizabethtown,KY,37.71803597,-85.86021423
276,"Texarkana, TX-AR MSA",150355,Texarkana,TX,33.44056687,-94.04846191
277,"Hanford-Corcoran, CA MSA",150101,Hanford,CA,36.31895383,-119.6459198
278,"Monroe, MI MSA",149649,Monroe,MI,41.92449277,-83.39481354
279,"Hattiesburg, MS MSA",148877,Hattiesburg,MS,31.29599016,-89.32022095
280,"Santa Fe, NM MSA",148750,Santa Fe,NM,35.66450492,-105.9926605
281,"Dothan, AL MSA",147914,Dothan,AL,31.22907893,-85.40634155
282,"Florence-Muscle Shoals, AL MSA",147038,Florence,AL,34.82732121,-87.64137268
283,"Rapid City, SD MSA",146850,Rapid City,SD,44.0821133,-103.2247925
284,"Rocky Mount, NC MSA",146738,Rocky Mount,NC,35.98462984,-77.81959534
285,"Homosassa Springs, FL MSA",145647,Homosassa Springs,FL,28.81455754,-82.5327301
286,"Idaho Falls, ID MSA",145643,Idaho Falls,ID,43.49273658,-112.0399475
287,"Valdosta, GA MSA",145437,Valdosta,GA,30.8467857,-83.27362061
288,"Dalton, GA MSA",144440,Dalton,GA,34.75567387,-84.97238159
289,"Wheeling, WV-OH MSA",141254,Wheeling,WV,40.08433032,-80.69114685
290,"Napa, CA MSA",140973,Napa,CA,38.30551908,-122.2929382
291,"Flagstaff, AZ MSA",140776,Flagstaff,AZ,35.19003991,-111.6389465
292,"Lebanon, PA MSA",139754,Lebanon,PA,40.33812478,-76.42158508
293,"Morgantown, WV MSA",138709,Morgantown,WV,39.63688231,-79.94888306
294,"Logan, UT-ID MSA",138002,Logan,UT,41.74594589,-111.8329239
295,"Winchester, VA-WV MSA",137887,Winchester,VA,39.1707842,-78.16806793
296,"La Crosse-Onalaska, WI-MN MSA",136934,La Crosse,WI,43.81763772,-91.2387085
297,"Wausau, WI MSA",135732,Wausau,WI,44.95600604,-89.64294434
298,"Springfield, OH MSA",134557,Springfield,OH,39.93444089,-83.81332397
299,"Harrisonburg, VA MSA",134442,Harrisonburg,VA,38.43636833,-78.8722229
300,"Battle Creek, MI MSA",134128,Battle Creek,MI,42.29961281,-85.18318176
301,"Johnstown, PA MSA",133054,Johnstown,PA,40.30619064,-78.8948822
302,"Hammond, LA MSA",132497,Hammond,LA,30.49659937,-90.4617691
303,"Bismarck, ND MSA",132142,Bismarck,ND,46.8070634,-100.7645416
304,"Jonesboro, AR MSA",131269,Jonesboro,AR,35.82654553,-90.66879272
305,"Sherman-Denison, TX MSA",131140,Sherman,TX,33.64830764,-96.60690308
306,"Jackson, TN MSA",129235,Jackson,TN,35.64944125,-88.82240295
307,"Lawton, OK MSA",127349,Lawton,OK,34.60038951,-98.41896057
308,"St. Joseph, MO-KS MSA",126935,St. Joseph,MO,39.76680753,-94.81887817
309,"Farmington, NM MSA",126926,Farmington,NM,36.74657624,-108.1806564
310,"Pittsfield, MA MSA",126313,Pittsfield,MA,42.45077528,-73.26026917
311,"Glens Falls, NY MSA",126152,Glens Falls,NY,43.31243583,-73.64479065
312,"Mount Vernon-Anacortes, WA MSA",125619,Mount Vernon,WA,48.42349349,-122.3269272
313,"Carbondale-Marion, IL MSA",125612,Carbondale,IL,37.7294414,-89.21001434
314,"The Villages, FL MSA",125165,The Villages,FL,28.90175694,-81.98547363
315,"Albany, OR MSA",125047,Albany,OR,44.62785128,-123.090477
316,"New Bern, NC MSA",124864,New Bern,NC,35.10076697,-77.06497192
317,"Sierra Vista-Douglas, AZ MSA",124756,Sierra Vista,AZ,31.54810175,-110.2749252
318,"Goldsboro, NC MSA",124172,Goldsboro,NC,35.38004929,-77.96104431
319,"Altoona, PA MSA",123457,Altoona,PA,40.49756881,-78.3984375
320,"Cleveland, TN MSA",122317,Cleveland,TN,35.16927445,-84.86526489
321,"Staunton-Waynesboro, VA MSA",121999,Staunton,VA,38.14804633,-79.06448364
322,"Lawrence, KS MSA",120793,Lawrence,KS,38.97324434,-95.25489807
323,"Mansfield, OH MSA",120589,Mansfield,OH,40.7305627,-82.54096985
324,"San Angelo, TX MSA",119535,San Angelo,TX,31.42159078,-100.4548645
325,"Beckley, WV MSA",118543,Beckley,WV,37.79268251,-81.19617462
326,"Wenatchee, WA MSA",118478,Wenatchee,WA,47.42807573,-120.3308487
327,"Owensboro, KY MSA",118376,Owensboro,KY,37.74678413,-87.10784912
328,"Weirton-Steubenville, WV-OH MSA",118250,Weirton,WV,40.40642643,-80.55690765
329,"Brunswick, GA MSA",118119,Brunswick,GA,31.20982412,-81.49520874
330,"Morristown, TN MSA",118081,Morristown,TN,36.21185918,-83.29936981
331,"Missoula, MT MSA",117441,Missoula,MT,46.87751408,-114.0133667
332,"Sheboygan, WI MSA",115344,Sheboygan,WI,43.74724285,-87.73338318
333,"Muncie, IN MSA",115184,Muncie,IN,40.20089239,-85.39981842
334,"Anniston-Oxford-Jacksonville, AL MSA",114728,Anniston,AL,33.67345439,-85.83000183
335,"Watertown-Fort Drum, NY MSA",114187,Watertown,NY,43.97229876,-75.90145111
336,"Williamsport, PA MSA",113841,Williamsport,PA,41.24398643,-77.00386047
337,"California-Lexington Park, MD MSA",112667,California,MD,38.30043387,-76.51016235
338,"Michigan City-La Porte, IN MSA",110029,Michigan City,IN,41.70110318,-86.88983917
339,"Kankakee, IL MSA",109605,Kankakee,IL,41.11323332,-87.86521912
340,"Lewiston-Auburn, ME MSA",107651,Lewiston,ME,44.09694355,-70.19199371
341,"Longview, WA MSA",106910,Longview,WA,46.142688,-122.9651642
342,"Sumter, SC MSA",106847,Sumter,SC,33.94559557,-80.40893555
343,"Decatur, IL MSA",105801,Decatur,IL,39.85910925,-88.93981934
344,"Ithaca, NY MSA",104802,Ithaca,NY,42.44498316,-76.49745941
345,"Bay City, MI MSA",104239,Bay City,MI,43.6020128,-83.90018463
346,"Lima, OH MSA",103198,Lima,OH,40.74252922,-84.12162781
347,"Sebring, FL MSA",102883,Sebring,FL,27.49361614,-81.45195007
348,"Gadsden, AL MSA",102755,Gadsden,AL,34.0005782,-85.99239349
349,"Fond du Lac, WI MSA",102548,Fond du Lac,WI,43.76261782,-88.43170166
350,"Grand Forks, ND-MN MSA",102414,Grand Forks,ND,47.90689557,-97.06249237
351,"Gettysburg, PA MSA",102336,Gettysburg,PA,39.82882937,-77.21809387
352,"Mankato-North Mankato, MN MSA",100939,Mankato,MN,44.17160458,-93.99112701
353,"Fairbanks, AK MSA",99703,Fairbanks,AK,64.84704377,-147.7661133
354,"Victoria, TX MSA",99646,Victoria,TX,28.82057364,-96.97975159
355,"Cumberland, MD-WV MSA",98837,Cumberland,MD,39.63261777,-78.78158569
356,"Hot Springs, AR MSA",98658,Hot Springs,AR,34.48444281,-93.06999207
357,"Cheyenne, WY MSA",98327,Cheyenne,WY,41.14087005,-104.7944641
358,"Manhattan, KS MSA",98080,Manhattan,KS,39.18542184,-96.58802032
359,"Rome, GA MSA",97613,Rome,GA,34.26511835,-85.17837524
360,"Ames, IA MSA",97502,Ames,IA,42.02403698,-93.62823486
361,"Dubuque, IA MSA",97041,Dubuque,IA,42.5014194,-90.69763184
362,"Cape Girardeau, MO-IL MSA",96782,Cape Girardeau,MO,37.30791062,-89.55162048
363,"Ocean City, NJ MSA",93553,Ocean City,NJ,39.27080012,-74.58292007
364,"Pine Bluff, AR MSA",90963,Pine Bluff,AR,34.21065573,-92.01702118
365,"Corvallis, OR MSA",90951,Corvallis,OR,44.57236018,-123.2679749
366,"Parkersburg-Vienna, WV MSA",90898,Parkersburg,WV,39.26653889,-81.53331757
367,"Grants Pass, OR MSA",86352,Grants Pass,OR,42.44042275,-123.326683
368,"Elmira, NY MSA",85557,Elmira,NY,42.10632765,-76.81297302
369,"Pocatello, ID MSA",85269,Pocatello,ID,42.88145282,-112.4471283
370,"Grand Island, NE MSA",85045,Grand Island,NE,40.91583612,-98.35956573
371,"Bloomsburg-Berwick, PA MSA",84204,Bloomsburg,PA,41.00576594,-76.43875122
372,"Midland, MI MSA",83411,Midland,MI,43.63357879,-84.2332077
373,"Kokomo, IN MSA",82363,Kokomo,IN,40.46675501,-86.12251282
374,"Columbus, IN MSA",82040,Columbus,IN,39.19695972,-85.89935303
375,"Great Falls, MT MSA",81654,Great Falls,MT,47.50184897,-111.2915039
376,"Hinesville, GA MSA",80400,Hinesville,GA,31.83118038,-81.59854889
377,"Casper, WY MSA",79547,Casper,WY,42.83047547,-106.3243103
378,"Danville, IL MSA",77909,Danville,IL,40.14711494,-87.62935638
379,"Walla Walla, WA MSA",64614,Walla Walla,WA,46.06011782,-118.3327103
380,"Lewiston, ID-WA MSA",62920,Lewiston,ID,46.39899481,-116.978302
381,"Enid, OK MSA",61581,Enid,OK,36.39861455,-97.89916992
382,"Carson City, NV MSA",54745,Carson City,NV,39.15331126,-119.8210144
